{"cameraMode":{"drawMode":0,"name":"Shaded","section":"Shading Mode"},"sceneLighting":false,"audioPlay":false,"sceneViewState":{"showFog":true,"showMaterialUpdate":true,"showSkybox":false,"showFlares":true,"showImageEffects":true,"showParticleSystems":true},"in2DMode":false,"pivot":{"x":0.8861799240112305,"y":1.5089497566223145,"z":0.3593212962150574},"rotation":{"x":0.393012672662735,"y":-0.43887779116630556,"z":0.2220013290643692,"w":0.776948094367981},"size":4.846673965454102,"orthographic":false}