{"cameraMode":{"drawMode":0,"name":"Shaded","section":"Shading Mode"},"sceneLighting":false,"audioPlay":false,"sceneViewState":{"showFog":true,"showMaterialUpdate":true,"showSkybox":false,"showFlares":true,"showImageEffects":true,"showParticleSystems":true},"in2DMode":false,"pivot":{"x":0.4699999988079071,"y":1.850000023841858,"z":0.07999999821186066},"rotation":{"x":0.45801541209220889,"y":0.01227478589862585,"z":-0.00632634898647666,"w":0.8888394236564636},"size":1.018978476524353,"orthographic":false}