{"cameraMode":{"drawMode":0,"name":"Shaded","section":"Shading Mode"},"sceneLighting":false,"audioPlay":false,"sceneViewState":{"showFog":true,"showMaterialUpdate":true,"showSkybox":false,"showFlares":true,"showImageEffects":true,"showParticleSystems":true},"in2DMode":false,"pivot":{"x":-75.154541015625,"y":2.7822799682617189,"z":-6.592496871948242},"rotation":{"x":0.015916218981146814,"y":0.9840747117996216,"z":0.12494564056396485,"w":-0.12558357417583466},"size":32.56231689453125,"orthographic":false}