{"cameraMode":{"drawMode":0,"name":"Shaded","section":"Shading Mode"},"sceneLighting":true,"audioPlay":false,"sceneViewState":{"showFog":true,"showMaterialUpdate":true,"showSkybox":true,"showFlares":true,"showImageEffects":true,"showParticleSystems":true},"in2DMode":false,"pivot":{"x":-59.70361328125,"y":22.2689208984375,"z":54.516510009765628},"rotation":{"x":-0.35605689883232119,"y":0.3742862045764923,"z":-0.15822307765483857,"w":-0.8415277004241943},"size":61.420501708984378,"orthographic":false}