{"cameraMode":{"drawMode":0,"name":"Shaded","section":"Shading Mode"},"sceneLighting":false,"audioPlay":false,"sceneViewState":{"showFog":true,"showMaterialUpdate":true,"showSkybox":false,"showFlares":true,"showImageEffects":true,"showParticleSystems":true},"in2DMode":false,"pivot":{"x":133.1601104736328,"y":61.29999923706055,"z":-48.58351135253906},"rotation":{"x":-0.4603008031845093,"y":0.024478796869516374,"z":-0.01259086187928915,"w":-0.8873695135116577},"size":6.883747100830078,"orthographic":false}