{"cameraMode":{"drawMode":0,"name":"Shaded","section":"Shading Mode"},"sceneLighting":false,"audioPlay":false,"sceneViewState":{"showFog":true,"showMaterialUpdate":true,"showSkybox":false,"showFlares":true,"showImageEffects":true,"showParticleSystems":true},"in2DMode":false,"pivot":{"x":1.5786596536636353,"y":0.7639433145523071,"z":4.2447099685668949},"rotation":{"x":0.04966412112116814,"y":0.07066281884908676,"z":-0.0035241045989096166,"w":0.9962598085403442},"size":13.007040023803711,"orthographic":false}