{"cameraMode":{"drawMode":0,"name":"Shaded","section":"Shading Mode"},"sceneLighting":false,"audioPlay":false,"sceneViewState":{"showFog":true,"showMaterialUpdate":true,"showSkybox":false,"showFlares":true,"showImageEffects":true,"showParticleSystems":true},"in2DMode":false,"pivot":{"x":19.020000457763673,"y":-7.059999942779541,"z":33.650001525878909},"rotation":{"x":-0.17873533070087434,"y":0.8207159042358398,"z":-0.3650006353855133,"w":-0.4016325771808624},"size":6.883753299713135,"orthographic":false}